feature,importance
atr,0.2466242
atr_percent,0.17848787
hl_range_avg,0.07503487
obv_slope,0.027909901
returns_std,0.023550224
macd_signal,0.023107182
adx,0.02182142
bb_width,0.021358032
vwap_distance,0.018725634
aroon_oscillator,0.018688926
ema_20_ratio,0.018150568
macd_histogram,0.017849954
macd_line,0.017837217
ad_line,0.017758414
ema_10_ratio,0.016735224
cmo,0.015107608
momentum_5,0.0150175225
roc_5,0.014834612
williams_r,0.014586674
bb_position,0.01444131
