feature,importance
atr,0.25994527
atr_percent,0.1759472
hl_range_avg,0.07280501
momentum_5,0.03476649
macd_signal,0.023748787
returns_std,0.022387806
adx,0.020985149
bb_width,0.02093519
macd_line,0.020083284
obv_slope,0.019593202
aroon_oscillator,0.018428044
ad_line,0.016587619
macd_histogram,0.016549043
vwap_distance,0.01646858
ema_20_ratio,0.016397526
returns_5m,0.0154872
returns_15m,0.014904463
volume_delta,0.014782881
ema_10_ratio,0.014690617
roc_5,0.014534832
